{
  "target": null,
  "target_rounds": {
    "E=20 K=100 B=10 L=0.01 C=0.1 IID": null
  },
  "trials": {
    "E=20 K=100 B=10 L=0.01 C=0.1 IID": {
      "0": 2.3093193968137107,
      "1": 0.21881389630337555,
      "2": 0.16854271590709685,
      "3": 0.13871756494045256,
      "4": 0.12005117299656073,
      "5": 0.10486827461669843,
      "6": 0.09373214809844892,
      "7": 0.08898457419127226,
      "8": 0.08215066666404407,
      "9": 0.0777453191888829,
      "10": 0.07490504750361045,
      "11": 0.07065505376085639,
      "12": 0.06705304455632964,
      "13": 0.0637230065651238,
      "14": 0.062343441012005014,
      "15": 0.05938920062035322,
      "16": 0.05769580549870928,
      "17": 0.05562369069084525,
      "18": 0.05402425803864996,
      "19": 0.05344297979027033,
      "20": 0.05325308525934815,
      "25": 0.0461577204366525,
      "30": 0.041550959134474395,
      "35": 0.036223362851887944,
      "40": 0.03427254289854318,
      "45": 0.03218658681338032,
      "50": 0.030226952551553648
    }
  }
}