{
  "thetas": [
    0.0,
    0.05000000074505806,
    0.10000000149011612,
    0.15000000596046448,
    0.20000000298023224,
    0.25,
    0.30000001192092896,
    0.3499999940395355,
    0.4000000059604645,
    0.45000001788139343,
    0.5,
    0.550000011920929,
    0.6000000238418579,
    0.6499999761581421,
    0.699999988079071,
    0.75,
    0.800000011920929,
    0.8500000238418579,
    0.8999999761581421,
    0.949999988079071,
    1.0
  ],
  "losses": {
    "shared": [
      0.1528642116735379,
      0.13688097782433034,
      0.12357346552113692,
      0.11279470839848121,
      0.10460258666425944,
      0.09867885187268258,
      0.09484842413415512,
      0.09263855243722598,
      0.09141544594118993,
      0.09036111893753211,
      0.08852048193415006,
      0.08551830997069677,
      0.08166622600207726,
      0.07798567755768697,
      0.07556608188897371,
      0.07504960335791111,
      0.07671265695244074,
      0.08068512498090664,
      0.08784890249371528,
      0.0985815250625213,
      0.11341407137612501
    ],
    "independent": [
      0.0991583917910854,
      0.08422430635740359,
      0.07715131466587384,
      0.08091844183703263,
      0.10339251620074114,
      0.16030403971672058,
      0.2765438305834929,
      0.47855174243450166,
      0.7541331549485525,
      1.0150774866342545,
      1.1456474542617798,
      1.0932010263204575,
      0.8895065714915593,
      0.6239041040341059,
      0.3894744033614794,
      0.2310611789425214,
      0.14397121978302796,
      0.1034476342300574,
      0.08798725934078296,
      0.08592170917739471,
      0.09211426097899675
    ]
  }
}